{
  "epoch": 4,
  "hyperparameters": {
    "epochs": 5,
    "learning_rate": 0.001,
    "patience": 5,
    "use_amp": true,
    "batch_size": 32,
    "num_workers": 15,
    "balance_train": false,
    "augment_train": true,
    "random_crop": false,
    "color_jitter": false,
    "desired_total_samples": null
  },
  "metrics": {
    "train_loss": 0.12588462895576574,
    "train_precision": 0.969061876247505,
    "train_recall": 0.9732709655863682,
    "train_f1": 0.9711618603100517,
    "train_accuracy": 0.9578254509995124,
    "val_loss": 0.10154878068715334,
    "val_precision": 0.9764521193092621,
    "val_recall": 0.971875,
    "val_f1": 0.9741581832419733,
    "val_accuracy": 0.9623717217787914,
    "train_confusion_matrix": [
      [
        1016,
        93
      ],
      [
        80,
        2913
      ]
    ],
    "val_confusion_matrix": [
      [
        222,
        15
      ],
      [
        18,
        622
      ]
    ]
  }
}