{
  "accuracy": 0.8255416191562144,
  "macro_metrics": {
    "precision": 0.8257828687650761,
    "recall": 0.8221864581332606,
    "f1": 0.8221165252950094
  },
  "micro_metrics": {
    "precision": 0.8255416191562144,
    "recall": 0.8255416191562144,
    "f1": 0.8255416191562144
  },
  "confusion_matrix": [
    [
      347,
      1,
      69
    ],
    [
      1,
      212,
      24
    ],
    [
      53,
      5,
      165
    ]
  ],
  "class_metrics": {
    "BACTERIA": {
      "precision": 0.8653366583541147,
      "recall": 0.8321342925659473,
      "f1": 0.8484107579462102
    },
    "NORMAL": {
      "precision": 0.9724770642201835,
      "recall": 0.8945147679324894,
      "f1": 0.9318681318681319
    },
    "VIRUS": {
      "precision": 0.6395348837209303,
      "recall": 0.7399103139013453,
      "f1": 0.6860706860706861
    }
  }
}