{
  "train_loss": [
    0.6407009185284607,
    0.5456625377947046,
    0.534259274948475,
    0.4984043425367784,
    0.4843795589467352,
    0.4518257088439409,
    0.4510587132716364,
    0.4501728008883868,
    0.4474953364494235,
    0.42804200519887053,
    0.41686732027419776,
    0.4290341514834138,
    0.40808070306630095,
    0.4236543795397115,
    0.40457760918048,
    0.403581738356472,
    0.404469133231991,
    0.3954787942790246,
    0.4239395331273707,
    0.38509843030641244,
    0.367274777371754,
    0.38472974427448686,
    0.3515628192775933
  ],
  "train_precision": [
    0.7167601209068013,
    0.7610277802877423,
    0.7755889742892664,
    0.7742927957571628,
    0.7880284129200303,
    0.8023391444983629,
    0.7995778678990982,
    0.8035941756605295,
    0.8017675166713628,
    0.8078235993917365,
    0.8137191686211294,
    0.8113576420723204,
    0.8181344495413218,
    0.8129126073415751,
    0.8243588297519001,
    0.8255405911415877,
    0.8206676523427564,
    0.8333858168415018,
    0.8145591037222956,
    0.8320445135685386,
    0.8437548773080484,
    0.8257835512028456,
    0.843649412819492
  ],
  "train_recall": [
    0.7095695960797791,
    0.7460750122576943,
    0.7645481174123289,
    0.7665602328070932,
    0.7789071920015868,
    0.7955330590299514,
    0.7918611420353999,
    0.790616417151531,
    0.7964671993099243,
    0.8007267914586677,
    0.8076030946693953,
    0.8056155480814207,
    0.8118323422181698,
    0.8098982650886591,
    0.81585290088255,
    0.8201648013417161,
    0.8182065110816863,
    0.8260696398022915,
    0.8073657879335802,
    0.8291518720938492,
    0.8398240458483124,
    0.8194361063732775,
    0.8411491954657189
  ],
  "train_f1": [
    0.7100674192884746,
    0.749889887726022,
    0.7669126998268937,
    0.7682903611866277,
    0.7822104572612872,
    0.7981341894079731,
    0.7943512312278815,
    0.7948932526176362,
    0.7985338152867819,
    0.8034384361715184,
    0.8099421091493352,
    0.8078248800522517,
    0.8143110581279883,
    0.8111122468175805,
    0.8189603603996685,
    0.8223894569850435,
    0.8192140883344535,
    0.8290424241490865,
    0.8102776453342474,
    0.8304098874457196,
    0.8415997971197194,
    0.8223211166700913,
    0.8422749654551235
  ],
  "train_accuracy": [
    0.7318381277425646,
    0.7715748415407119,
    0.7854705021940517,
    0.7857142857142857,
    0.795465626523647,
    0.8091175036567528,
    0.8069234519746465,
    0.8096050706972209,
    0.8088737201365188,
    0.8137493905411994,
    0.8198439785470503,
    0.817649926864944,
    0.8237445148707947,
    0.8198439785470503,
    0.8288639687957094,
    0.8308142369575817,
    0.8266699171136032,
    0.8369088249634324,
    0.8203315455875183,
    0.8366650414431984,
    0.8476352998537299,
    0.8305704534373476,
    0.8483666504144319
  ],
  "train_confusion_matrix": [
    [
      [
        1557,
        102,
        287
      ],
      [
        88,
        965,
        56
      ],
      [
        475,
        92,
        480
      ]
    ],
    [
      [
        1658,
        51,
        237
      ],
      [
        47,
        995,
        67
      ],
      [
        465,
        70,
        512
      ]
    ],
    [
      [
        1653,
        61,
        232
      ],
      [
        41,
        1018,
        50
      ],
      [
        425,
        71,
        551
      ]
    ],
    [
      [
        1641,
        53,
        252
      ],
      [
        31,
        1022,
        56
      ],
      [
        416,
        71,
        560
      ]
    ],
    [
      [
        1644,
        43,
        259
      ],
      [
        37,
        1019,
        53
      ],
      [
        394,
        53,
        600
      ]
    ],
    [
      [
        1650,
        38,
        258
      ],
      [
        23,
        1037,
        49
      ],
      [
        371,
        44,
        632
      ]
    ],
    [
      [
        1655,
        41,
        250
      ],
      [
        26,
        1041,
        42
      ],
      [
        382,
        51,
        614
      ]
    ],
    [
      [
        1688,
        32,
        226
      ],
      [
        26,
        1035,
        48
      ],
      [
        398,
        51,
        598
      ]
    ],
    [
      [
        1641,
        36,
        269
      ],
      [
        19,
        1041,
        49
      ],
      [
        368,
        43,
        636
      ]
    ],
    [
      [
        1654,
        29,
        263
      ],
      [
        15,
        1052,
        42
      ],
      [
        378,
        37,
        632
      ]
    ],
    [
      [
        1661,
        27,
        258
      ],
      [
        14,
        1055,
        40
      ],
      [
        360,
        40,
        647
      ]
    ],
    [
      [
        1656,
        32,
        258
      ],
      [
        22,
        1047,
        40
      ],
      [
        352,
        44,
        651
      ]
    ],
    [
      [
        1667,
        26,
        253
      ],
      [
        17,
        1054,
        38
      ],
      [
        349,
        40,
        658
      ]
    ],
    [
      [
        1646,
        26,
        274
      ],
      [
        19,
        1050,
        40
      ],
      [
        333,
        47,
        667
      ]
    ],
    [
      [
        1685,
        34,
        227
      ],
      [
        20,
        1055,
        34
      ],
      [
        349,
        38,
        660
      ]
    ],
    [
      [
        1673,
        25,
        248
      ],
      [
        16,
        1055,
        38
      ],
      [
        329,
        38,
        680
      ]
    ],
    [
      [
        1650,
        32,
        264
      ],
      [
        22,
        1051,
        36
      ],
      [
        316,
        41,
        690
      ]
    ],
    [
      [
        1686,
        21,
        239
      ],
      [
        19,
        1063,
        27
      ],
      [
        330,
        33,
        684
      ]
    ],
    [
      [
        1669,
        26,
        251
      ],
      [
        31,
        1038,
        40
      ],
      [
        339,
        50,
        658
      ]
    ],
    [
      [
        1663,
        26,
        257
      ],
      [
        16,
        1062,
        31
      ],
      [
        309,
        31,
        707
      ]
    ],
    [
      [
        1687,
        14,
        245
      ],
      [
        10,
        1069,
        30
      ],
      [
        297,
        29,
        721
      ]
    ],
    [
      [
        1677,
        13,
        256
      ],
      [
        17,
        1045,
        47
      ],
      [
        323,
        39,
        685
      ]
    ],
    [
      [
        1684,
        13,
        249
      ],
      [
        3,
        1073,
        33
      ],
      [
        294,
        30,
        723
      ]
    ]
  ],
  "val_loss": [
    1.332566504499742,
    0.8365496184730675,
    0.6410165748425892,
    0.8958166211774758,
    0.4755398987659386,
    0.7394847076918397,
    0.49425101226993967,
    0.5680648663214275,
    0.4674722128547728,
    0.4938151294315633,
    0.4802814572010123,
    0.4746107959321567,
    0.4375540824340923,
    0.48443208994077785,
    0.44251261138457004,
    0.4914288990964581,
    0.4774742451762514,
    0.540789322594979,
    0.4821559125058619,
    0.5486173264715555,
    0.486404835767254,
    0.5316569424384008,
    0.5324719755777291
  ],