{
    "model_name": "best_model_20250113-012235",
    "confusion_matrix": [
        [
            233,
            4
        ],
        [
            22,
            618
        ]
    ],
    "precision": 0.9935691318327974,
    "recall": 0.965625,
    "f1_score": 0.9793977812995246,
    "accuracy": 0.9703534777651083,
    "auc_roc": 0.9966442510548523,
    "pr_auc": 0.9987830139753764,
    "average_precision": 0.9987839480633502,
    "model_info": {
        "epoch": 14,
        "train_loss": null,
        "val_loss": 0.09943883420367326,
        "model_name": "best_model_20250113-012235"
    },
    "class_names": [
        "NORMAL",
        "PNEUMONIA"
    ],
    "per_class_metrics": {
        "NORMAL": {
            "precision": 0.9831223628691983,
            "recall": 0.9137254901960784,
            "f1": 0.9471544715447153
        },
        "PNEUMONIA": {
            "precision": 0.965625,
            "recall": 0.9935691318327974,
            "f1": 0.9793977812995246
        }
    }
}