{
  "train_loss": [
    0.22318744858683542,
    0.1467674092295789,
    0.1427533258936664,
    0.11492389867934145
  ],
  "train_precision": [
    0.9089989888776542,
    0.944954128440367,
    0.9465875370919882,
    0.9602356406480118
  ],
  "train_recall": [
    0.9117647058823529,
    0.950461389023798,
    0.9428571428571428,
    0.952288218111003
  ],
  "train_f1": [
    0.9103797468354431,
    0.9476997578692494,
    0.9447186574531096,
    0.9562454167685163
  ],
  "train_accuracy": [
    0.9137006338371526,
    0.947342759629449,
    0.9453924914675768,
    0.9563627498781082
  ],
  "train_auc": [
    0.9699028178537078,
    0.9859541233085553,
    0.9869819502824431,
    0.991509159909019
  ],
  "train_confusion_matrix": [
    [
      [
        1950,
        180
      ],
      [
        174,
        1798
      ]
    ],
    [
      [
        1929,
        114
      ],
      [
        102,
        1957
      ]
    ],
    [
      [
        1964,
        108
      ],
      [
        116,
        1914
      ]
    ],
    [
      [
        1967,
        81
      ],
      [
        98,
        1956
      ]
    ]
  ],
  "val_loss": [
    0.3353744602895209,
    0.31076629819082363,
    0.5289807205221483,
    0.38607875470604214
  ],
  "val_precision": [
    0.9980430528375733,
    0.9893238434163701,
    0.9916839916839917,
    0.9944649446494465
  ],
  "val_recall": [
    0.796875,
    0.86875,
    0.7453125,
    0.8421875
  ],
  "val_f1": [
    0.8861859252823632,
    0.9251247920133111,
    0.8510258697591436,
    0.9120135363790186
  ],
  "val_accuracy": [
    0.8506271379703535,
    0.8973774230330672,
    0.8095781071835804,
    0.8814139110604333
  ],
  "val_auc": [
    0.9904272151898734,
    0.9878032700421941,
    0.9852452531645569,
    0.9857990506329114
  ],
  "val_confusion_matrix": [
    [
      [
        236,
        1
      ],
      [
        130,
        510
      ]
    ],
    [
      [
        231,
        6
      ],
      [
        84,
        556
      ]
    ],
    [
      [
        233,
        4
      ],
      [
        163,
        477
      ]
    ],
    [
      [
        234,
        3
      ],
      [
        101,
        539
      ]
    ]
  ]
}