{
  "train_loss": [
    0.192863314708536,
    0.13867465774853563,
    0.11779310699379028,
    0.12588462895576574,
    0.11845730559885964
  ],
  "train_precision": [
    0.9483505498167277,
    0.9590894094358298,
    0.9651510122801195,
    0.969061876247505,
    0.9623638164410696
  ],
  "train_recall": [
    0.9508853992649515,
    0.9712662880053458,
    0.9716004009355163,
    0.9732709655863682,
    0.973939191446709
  ],
  "train_f1": [
    0.9496162829496163,
    0.9651394422310757,
    0.9683649683649683,
    0.9711618603100517,
    0.9681169046828296
  ],
  "train_accuracy": [
    0.9263773768893223,
    0.9488054607508533,
    0.9536811311555339,
    0.9578254509995124,
    0.9531935641150658
  ],
  "train_confusion_matrix": [
    [
      [
        954,
        155
      ],
      [
        147,
        2846
      ]
    ],
    [
      [
        985,
        124
      ],
      [
        86,
        2907
      ]
    ],
    [
      [
        1004,
        105
      ],
      [
        85,
        2908
      ]
    ],
    [
      [
        1016,
        93
      ],
      [
        80,
        2913
      ]
    ],
    [
      [
        995,
        114
      ],
      [
        78,
        2915
      ]
    ]
  ],
  "val_loss": [
    0.14292977025200213,
    0.1892012289525675,
    0.18990479675786837,
    0.10154878068715334,
    0.10803665622370318
  ],
  "val_precision": [
    0.9487951807228916,
    0.9786184210526315,
    0.9831365935919055,
    0.9764521193092621,
    0.974960876369327
  ],
  "val_recall": [
    0.984375,
    0.9296875,
    0.9109375,
    0.971875,
    0.9734375
  ],
  "val_f1": [
    0.9662576687116564,
    0.9535256410256411,
    0.9456609894566099,
    0.9741581832419733,
    0.9741985926505082
  ],
  "val_accuracy": [
    0.9498289623717218,
    0.9338654503990877,
    0.9236031927023945,
    0.9623717217787914,
    0.9623717217787914
  ],
  "val_confusion_matrix": [
    [
      [
        203,
        34
      ],
      [
        10,
        630
      ]
    ],
    [
      [
        224,
        13
      ],
      [
        45,
        595
      ]
    ],
    [
      [
        227,
        10
      ],
      [
        57,
        583
      ]
    ],
    [
      [
        222,
        15
      ],
      [
        18,
        622
      ]
    ],
    [
      [
        221,
        16
      ],
      [
        17,
        623
      ]
    ]
  ]
}