{
  "train_loss": [
    0.196968409268893,
    0.13526566934504713,
    0.11226732691735491,
    0.11752613928428916,
    0.1306993914551513,
    0.09548786498404058,
    0.09994797740680303,
    0.08792974680026834,
    0.09327566767356886,
    0.07535431377748533,
    0.07875854903904274,
    0.07967902204137324,
    0.08679202611940776,
    0.08310455506191004,
    0.06752555218142595,
    0.09480654688681973,
    0.0705645880318976
  ],
  "train_precision": [
    0.9532144059239314,
    0.9624584717607974,
    0.9704318936877077,
    0.9674202127659575,
    0.9638354346383543,
    0.9749415302372202,
    0.9714380604450349,
    0.975107865914371,
    0.9760399334442595,
    0.9803136469803136,
    0.980326775591864,
    0.9776815456362425,
    0.9777186564682407,
    0.9766822118587608,
    0.9817154255319149,
    0.9744101030242606,
    0.981376787495843
  ],
  "train_recall": [
    0.946207818242566,
    0.9679251587036418,
    0.9759438690277313,
    0.972268626795857,
    0.970598062145005,
    0.9749415302372202,
    0.977280320748413,
    0.9816237888406282,
    0.9799532241897762,
    0.9816237888406282,
    0.9822920147009689,
    0.9806214500501169,
    0.9822920147009689,
    0.9796191112596058,
    0.9866354827931841,
    0.9796191112596058,
    0.9859672569328433
  ],
  "train_f1": [
    0.9496981891348089,
    0.965184074629352,
    0.9731800766283525,
    0.9698383602732877,
    0.9672049275844847,
    0.9749415302372202,
    0.9743504330446369,
    0.9783549783549783,
    0.9779926642214072,
    0.9809682804674458,
    0.9813084112149533,
    0.9791492910758965,
    0.98,
    0.9781484570475396,
    0.984169305115814,
    0.9770076641119627,
    0.9836666666666667
  ],
  "train_accuracy": [
    0.9268649439297904,
    0.9490492442710873,
    0.9607508532423208,
    0.9558751828376402,
    0.9519746465138956,
    0.9634324719648951,
    0.962457337883959,
    0.9683081423695759,
    0.9678205753291077,
    0.9722086786933203,
    0.9726962457337884,
    0.969527059970746,
    0.9707459775719162,
    0.9680643588493418,
    0.976840565577767,
    0.9663578742077036,
    0.9761092150170648
  ],
  "train_auc": [
    0.972028360734711,
    0.984519936358868,
    0.9879921198757425,
    0.9888734971320216,
    0.98538399035682,
    0.9919555307439631,
    0.9914460763121162,
    0.9932433267042998,
    0.9922601188164629,
    0.9948209483083009,
    0.9945989093276558,
    0.9946008676090319,
    0.9945538688560052,
    0.993793603770987,
    0.9964347227992457,
    0.9923527605892559,
    0.9955333108181187
  ],
  "train_confusion_matrix": [
    [
      [
        970,
        139
      ],
      [
        161,
        2832
      ]
    ],
    [
      [
        996,
        113
      ],
      [
        96,
        2897
      ]
    ],
    [
      [
        1020,
        89
      ],
      [
        72,
        2921
      ]
    ],
    [
      [
        1011,
        98
      ],
      [
        83,
        2910
      ]
    ],
    [
      [
        1000,
        109
      ],
      [
        88,
        2905
      ]
    ],
    [
      [
        1034,
        75
      ],
      [
        75,
        2918
      ]
    ],
    [
      [
        1023,
        86
      ],
      [
        68,
        2925
      ]
    ],
    [
      [
        1034,
        75
      ],
      [
        55,
        2938
      ]
    ],
    [
      [
        1037,
        72
      ],
      [
        60,
        2933
      ]
    ],
    [
      [
        1050,
        59
      ],
      [
        55,
        2938
      ]
    ],
    [
      [
        1050,
        59
      ],
      [
        53,
        2940
      ]
    ],
    [
      [
        1042,
        67
      ],
      [
        58,
        2935
      ]
    ],
    [
      [
        1042,
        67
      ],
      [
        53,
        2940
      ]
    ],
    [
      [
        1039,
        70
      ],
      [
        61,
        2932
      ]
    ],
    [
      [
        1054,
        55
      ],
      [
        40,
        2953
      ]
    ],
    [
      [
        1032,
        77
      ],
      [
        61,
        2932
      ]
    ],
    [
      [
        1053,
        56
      ],
      [
        42,
        2951
      ]
    ]
  ],
  "val_loss": [
    0.15299318459749753,
    0.11845634250702071,
    0.1067240308620967,
    0.52216832259936,
    0.16493376220543204,
    0.1324334961495229,
    0.09528634599077382,
    0.17765903969328584,
    0.08941659743764571,
    0.11977289197966456,
    0.10810852168651763,
    0.15350915616311664,
    0.08894084374021206,
    0.2088239184314651,
    0.10395053776197269,
    0.09201113294277873,
    0.10635061824827322
  ],
  "val_precision": [
    0.9650793650793651,
    0.9746434231378764,
    0.9778481012658228,
    0.9979838709677419,
    0.9771986970684039,
    0.9626749611197511,
    0.9778830963665087,
    0.9231884057971015,
    0.9662576687116564,
    0.9853181076672104,
    0.9647779479326187,
    0.931185944363104,
    0.9765258215962441,
    0.984873949579832,
    0.9675925925925926,
    0.9826224328593997,
    0.9810126582278481
  ],
  "val_recall": [
    0.95,
    0.9609375,
    0.965625,
    0.7734375,
    0.9375,
    0.9671875,
    0.9671875,
    0.9953125,
    0.984375,
    0.94375,
    0.984375,
    0.99375,
    0.975,
    0.915625,
    0.9796875,
    0.971875,
    0.96875
  ],
  "val_f1": [
    0.9574803149606299,
    0.967741935483871,
    0.9716981132075472,
    0.8714788732394366,
    0.9569377990430622,
    0.9649259547934529,
    0.9725058915946583,
    0.9578947368421052,
    0.9752321981424149,
    0.9640861931364725,
    0.974477958236659,
    0.9614512471655329,
    0.9757623143080532,
    0.9489878542510122,
    0.9736024844720497,
    0.9772191673212883,
    0.9748427672955975
  ],
  "val_accuracy": [
    0.9384264538198404,
    0.9532497149372862,
    0.9589509692132269,
    0.8335233751425314,
    0.9384264538198404,
    0.9486887115165337,
    0.9600912200684151,
    0.936145952109464,
    0.9635119726339795,
    0.9486887115165337,
    0.9623717217787914,
    0.9418472063854048,
    0.9646522234891676,
    0.928164196123147,
    0.9612314709236032,
    0.9669327251995439,
    0.9635119726339795
  ],
  "val_auc": [
    0.9831487341772153,
    0.9885878164556962,
    0.991976529535865,
    0.9921611286919831,
    0.9859572784810127,
    0.98635944092827,
    0.9934071729957805,
    0.9910403481012658,
    0.9932621308016878,
    0.9928863396624472,
    0.9921875,
    0.9920820147679325,
    0.9932225738396625,
    0.9902623945147679,
    0.9922995780590718,
    0.9939939345991561,
    0.9929127109704642
  ],