{
  "train_loss": [
    0.24461534708131885,
    0.15764895292331083,
    0.16932796877483988,
    0.14816375950336919,
    0.14347803182611168,
    0.11260590779905517,
    0.10371431776921647,
    0.11959581092981868,
    0.10018608639695385,
    0.09850336965390069,
    0.10561870997266253,
    0.09376065633728985,
    0.1024967155079971,
    0.1188013091567875,
    0.09383669932726627,
    0.09160821443755729,
    0.09018710418062847,
    0.09678461683495332,
    0.07869084572506159,
    0.06625113226365038
  ],
  "train_precision": [
    0.9087870105062082,
    0.9401168451801363,
    0.9381393083292743,
    0.9485546300832925,
    0.9452322738386308,
    0.9561143984220908,
    0.9616490891658677,
    0.9538763493621197,
    0.9654178674351584,
    0.9613259668508287,
    0.9604573606479276,
    0.9605958673714561,
    0.9651960784313726,
    0.9560859188544153,
    0.9646191646191646,
    0.9680232558139535,
    0.963681592039801,
    0.9674282936315022,
    0.9739706578324657,
    0.9794794794794794
  ],
  "train_recall": [
    0.9140249759846302,
    0.9479626902307314,
    0.9363150218765192,
    0.9453125,
    0.9410905550146057,
    0.9551724137931035,
    0.9644230769230769,
    0.9581074420896993,
    0.9621828626136908,
    0.9647177419354839,
    0.9627507163323782,
    0.9633734939759037,
    0.9590842669264491,
    0.9565425023877746,
    0.9655681259222824,
    0.9647513278609368,
    0.9651220727453911,
    0.9608884596813134,
    0.9689265536723164,
    0.9712158808933002
  ],
  "train_f1": [
    0.9113984674329502,
    0.9440234661451967,
    0.9372262773722628,
    0.9469307899241869,
    0.9431568675286656,
    0.9556431739773288,
    0.9630340854536726,
    0.9559872141627735,
    0.9637976504435387,
    0.9630188679245283,
    0.9616026711185309,
    0.9619826756496631,
    0.9621304666503787,
    0.9563141561231797,
    0.9650934119960669,
    0.966384522370012,
    0.9644012944983819,
    0.9641472868217055,
    0.9714420580599481,
    0.9753301769249938
  ],
  "train_accuracy": [
    0.9098000975134081,
    0.9441735738664067,
    0.9371038517796197,
    0.947098976109215,
    0.9431984397854705,
    0.9561189663578742,
    0.962457337883959,
    0.9563627498781082,
    0.9631886884446611,
    0.9641638225255973,
    0.9607508532423208,
    0.961482203803023,
    0.962213554363725,
    0.9553876157971721,
    0.9653827401267674,
    0.9661140906874696,
    0.9651389566065334,
    0.9639200390053633,
    0.9705021940516821,
    0.9758654314968308
  ],
  "train_auc": [
    0.9640991620775912,
    0.983935807417498,
    0.9828489515792577,
    0.9857893277978943,
    0.9872844811191578,
    0.991819260322955,
    0.9931174151639657,
    0.9907590540158536,
    0.9933994141003535,
    0.9934694743976362,
    0.992917180371161,
    0.9943065007935046,
    0.9935255266905768,
    0.9908390554306175,
    0.9946445514643947,
    0.9948035055861572,
    0.9946501088671749,
    0.9935768642535152,
    0.9961009427620968,
    0.997196041666419
  ],
  "train_confusion_matrix": [
    [
      [
        1829,
        191
      ],
      [
        179,
        1903
      ]
    ],
    [
      [
        1942,
        123
      ],
      [
        106,
        1931
      ]
    ],
    [
      [
        1918,
        127
      ],
      [
        131,
        1926
      ]
    ],
    [
      [
        1949,
        105
      ],
      [
        112,
        1936
      ]
    ],
    [
      [
        1936,
        112
      ],
      [
        121,
        1933
      ]
    ],
    [
      [
        1983,
        89
      ],
      [
        91,
        1939
      ]
    ],
    [
      [
        1942,
        80
      ],
      [
        74,
        2006
      ]
    ],
    [
      [
        1979,
        94
      ],
      [
        85,
        1944
      ]
    ],
    [
      [
        1941,
        72
      ],
      [
        79,
        2010
      ]
    ],
    [
      [
        2041,
        77
      ],
      [
        70,
        1914
      ]
    ],
    [
      [
        1925,
        83
      ],
      [
        78,
        2016
      ]
    ],
    [
      [
        1945,
        82
      ],
      [
        76,
        1999
      ]
    ],
    [
      [
        1978,
        71
      ],
      [
        84,
        1969
      ]
    ],
    [
      [
        1916,
        92
      ],
      [
        91,
        2003
      ]
    ],
    [
      [
        1997,
        72
      ],
      [
        70,
        1963
      ]
    ],
    [
      [
        1965,
        66
      ],
      [
        73,
        1998
      ]
    ],
    [
      [
        2022,
        73
      ],
      [
        70,
        1937
      ]
    ],
    [
      [
        1964,
        67
      ],
      [
        81,
        1990
      ]
    ],
    [
      [
        1923,
        55
      ],
      [
        66,
        2058
      ]
    ],
    [
      [
        2046,
        41
      ],
      [
        58,
        1957
      ]
    ]
  ],
  "val_loss": [
    0.0991875946388713,
    0.12612990050443582,
    0.08279443171340972,
    0.11399346274057669,
    0.08901262103712984,
    0.14545284491032362,
    0.08573553119120854,
    0.2159304115921259,
    0.2275830219898905,
    0.15639649511181883,
    0.1760151902479785,
    0.1794136622255402,
    0.36762013672185795,
    0.08911849984100886,
    0.09943883420367326,
    0.07907804527453013,
    0.08158579566848598,
    0.29994252670024124,
    0.09338904345141989,
    0.21114377936880505
  ],
  "val_precision": [
    0.9887820512820513,
    0.9559270516717325,
    0.9827586206896551,
    0.9887096774193549,
    0.9856687898089171,
    0.9966499162479062,
    0.9825949367088608,
    0.9982547993019197,
    0.9982608695652174,
    0.9949748743718593,
    0.9982905982905983,
    1.0,
    0.9981378026070763,
    0.9903069466882067,
    0.9951298701298701,
    0.9936406995230525,
    0.9935691318327974,
    0.9981751824817519,
    0.996742671009772,
    0.9982698961937716
  ],
  "val_recall": [
    0.9640625,
    0.9828125,
    0.9796875,
    0.9578125,
    0.9671875,
    0.9296875,
    0.9703125,
    0.89375,
    0.896875,
    0.928125,
    0.9125,
    0.915625,
    0.8375,
    0.9578125,
    0.9578125,
    0.9765625,
    0.965625,
    0.8546875,
    0.95625,
    0.9015625
  ],
  "val_f1": [
    0.9762658227848101,
    0.9691833590138675,
    0.9812206572769953,
    0.973015873015873,
    0.9763406940063092,
    0.9620048504446241,
    0.9764150943396226,
    0.9431162407254741,
    0.9448559670781893,
    0.9603880355699272,
    0.953469387755102,
    0.9559543230016313,
    0.9107901444350043,
    0.9737887212073074,
    0.9761146496815286,
    0.9850275807722616,
    0.9793977812995246,
    0.9208754208754208,
    0.9760765550239234,
    0.9474548440065681
  ],
  "val_accuracy": [
    0.9657924743443558,
    0.9543899657924744,
    0.9726339794754846,
    0.9612314709236032,
    0.9657924743443558,
    0.9464082098061574,
    0.9657924743443558,
    0.9213226909920182,
    0.9236031927023945,
    0.9441277080957811,
    0.935005701254276,
    0.9384264538198404,
    0.8802736602052451,
    0.9623717217787914,
    0.9657924743443558,
    0.9783352337514253,
    0.9703534777651083,
    0.8928164196123147,
    0.9657924743443558,
    0.927023945267959
  ],
  "val_auc": [
    0.9928797468354431,
    0.9886010021097046,
    0.9948575949367089,
    0.9933939873417721,
    0.9946268459915613,
    0.9948444092827005,
    0.9945213607594937,
    0.9968486286919831,
    0.9964003164556963,
    0.9947652953586499,
    0.9967233649789029,
    0.9974222046413502,
    0.9961366033755275,
    0.9967629219409283,
    0.9977650316455697,
    0.997026635021097,
    0.9966574367088606,
    0.997145305907173,
    0.9977254746835443,
    0.9956685126582279
  ],